Datetime,Water Level (m)
2026-02-05 06:00:00,-0.5952283
2026-02-05 07:00:00,-0.48540264
2026-02-05 08:00:00,-0.2852408
2026-02-05 09:00:00,-0.07119244
2026-02-05 10:00:00,0.12076192
2026-02-05 11:00:00,0.21633887
2026-02-05 12:00:00,0.15974925
2026-02-05 13:00:00,0.035274234
2026-02-05 14:00:00,-0.112697355
2026-02-05 15:00:00,-0.27181816
2026-02-05 16:00:00,-0.42359057
2026-02-05 17:00:00,-0.5664545
2026-02-05 18:00:00,-0.662357
2026-02-05 19:00:00,-0.5262836
2026-02-05 20:00:00,-0.30941248
2026-02-05 21:00:00,-0.06731738
2026-02-05 22:00:00,0.15593101
2026-02-05 23:00:00,0.2888069
2026-02-06 00:00:00,0.24453649
2026-02-06 01:00:00,0.11659806
2026-02-06 02:00:00,-0.046097595
2026-02-06 03:00:00,-0.21550034
2026-02-06 04:00:00,-0.3812937
2026-02-06 05:00:00,-0.53571457
2026-02-06 06:00:00,-0.66709614
2026-02-06 07:00:00,-0.6908275
2026-02-06 08:00:00,-0.4905275
2026-02-06 09:00:00,-0.2907442
2026-02-06 10:00:00,-0.07269329
2026-02-06 11:00:00,0.08682668
2026-02-06 12:00:00,0.124244854
2026-02-06 13:00:00,0.036924016
2026-02-06 14:00:00,-0.09074971
2026-02-06 15:00:00,-0.23774575
2026-02-06 16:00:00,-0.38857228
2026-02-06 17:00:00,-0.528277
2026-02-06 18:00:00,-0.6445182
2026-02-06 19:00:00,-0.63078153
2026-02-06 20:00:00,-0.4300782
2026-02-06 21:00:00,-0.22565456
2026-02-06 22:00:00,-0.006365805
2026-02-06 23:00:00,0.15572917
2026-02-07 00:00:00,0.17831443
2026-02-07 01:00:00,0.083832234
2026-02-07 02:00:00,-0.054061543
2026-02-07 03:00:00,-0.2082936
2026-02-07 04:00:00,-0.36708036
2026-02-07 05:00:00,-0.5144096
2026-02-07 06:00:00,-0.64961964
2026-02-07 07:00:00,-0.7251894
2026-02-07 08:00:00,-0.59007806
2026-02-07 09:00:00,-0.41131958
2026-02-07 10:00:00,-0.2085247
2026-02-07 11:00:00,-0.021050341
2026-02-07 12:00:00,0.087429926
2026-02-07 13:00:00,0.06607297
2026-02-07 14:00:00,-0.040345453
2026-02-07 15:00:00,-0.17217565
2026-02-07 16:00:00,-0.3169631
2026-02-07 17:00:00,-0.4532241
2026-02-07 18:00:00,-0.57821155
2026-02-07 19:00:00,-0.6412551
2026-02-07 20:00:00,-0.50216144
2026-02-07 21:00:00,-0.33470252
2026-02-07 22:00:00,-0.14673863
2026-02-07 23:00:00,0.018469142
2026-02-08 00:00:00,0.095318966
2026-02-08 01:00:00,0.040777728
2026-02-08 02:00:00,-0.075368166
2026-02-08 03:00:00,-0.21469894
2026-02-08 04:00:00,-0.3631501
2026-02-08 05:00:00,-0.5028199
2026-02-08 06:00:00,-0.6355451
2026-02-08 07:00:00,-0.7348177
2026-02-08 08:00:00,-0.70235837
2026-02-08 09:00:00,-0.5385707
2026-02-08 10:00:00,-0.36334255
2026-02-08 11:00:00,-0.1780538
2026-02-08 12:00:00,-0.029466044
2026-02-08 13:00:00,0.022310287
2026-02-08 14:00:00,-0.037283637
2026-02-08 15:00:00,-0.14455146
2026-02-08 16:00:00,-0.27099156
2026-02-08 17:00:00,-0.40147635
2026-02-08 18:00:00,-0.518684
2026-02-08 19:00:00,-0.6049695
2026-02-08 20:00:00,-0.5639509
2026-02-08 21:00:00,-0.42117926
2026-02-08 22:00:00,-0.27037624
2026-02-08 23:00:00,-0.117940634
2026-02-09 00:00:00,-0.017871175
2026-02-09 01:00:00,-0.02370753
2026-02-09 02:00:00,-0.113996156
2026-02-09 03:00:00,-0.2322203
2026-02-09 04:00:00,-0.3648267
2026-02-09 05:00:00,-0.49127433
2026-02-09 06:00:00,-0.6131724
2026-02-09 07:00:00,-0.7104411
2026-02-09 08:00:00,-0.73080546
2026-02-09 09:00:00,-0.6067839
2026-02-09 10:00:00,-0.46478996
2026-02-09 11:00:00,-0.30095044
2026-02-09 12:00:00,-0.14926684
2026-02-09 13:00:00,-0.047454033
2026-02-09 14:00:00,-0.03385888
2026-02-09 15:00:00,-0.10547938
2026-02-09 16:00:00,-0.20606557
2026-02-09 17:00:00,-0.31951162
2026-02-09 18:00:00,-0.429315
2026-02-09 19:00:00,-0.5163038
2026-02-09 20:00:00,-0.545337
2026-02-09 21:00:00,-0.46222243
2026-02-09 22:00:00,-0.35381398
2026-02-09 23:00:00,-0.2356762
2026-02-10 00:00:00,-0.13390091
2026-02-10 01:00:00,-0.09561661
2026-02-10 02:00:00,-0.14835542
2026-02-10 03:00:00,-0.2409142
2026-02-10 04:00:00,-0.351136
2026-02-10 05:00:00,-0.4610307
2026-02-10 06:00:00,-0.5688579
2026-02-10 07:00:00,-0.6599932
2026-02-10 08:00:00,-0.7142087
2026-02-10 09:00:00,-0.6711089
2026-02-10 10:00:00,-0.5597072
2026-02-10 11:00:00,-0.42704353
2026-02-10 12:00:00,-0.28550977
2026-02-10 13:00:00,-0.15653801
2026-02-10 14:00:00,-0.077241905
2026-02-10 15:00:00,-0.06888895
2026-02-10 16:00:00,-0.12539175
2026-02-10 17:00:00,-0.2094052
2026-02-10 18:00:00,-0.3057761
2026-02-10 19:00:00,-0.39730355
2026-02-10 20:00:00,-0.46293387
2026-02-10 21:00:00,-0.48161173
2026-02-10 22:00:00,-0.4370412
2026-02-10 23:00:00,-0.37190142
2026-02-11 00:00:00,-0.30124706
2026-02-11 01:00:00,-0.24530509
2026-02-11 02:00:00,-0.24028005
2026-02-11 03:00:00,-0.2902701
2026-02-11 04:00:00,-0.36450744
2026-02-11 05:00:00,-0.449793
2026-02-11 06:00:00,-0.53425366
